{
    "Type": 4,
    "eo": "02345678903",
    "list": [
        {
            "R51": "27100583",
            "L21": 28.830000,
            "L22": 29.130000,
            "L1000": -0.300000,
            "L26": 0.000000,
            "L33": 844.434445,
            "L25": 0.000000,
            "L34": 34567.900000,
            "J1000": "2024-07-08 09:22:04"
        }
    ]
}