{
    "Type": 2,
    "eo": "2345678903",
    "list": [
        {
            "R51": "2700583",
            "L21": 0.000000,
            "L22": 0.000000,
            "L1000": 0.000000,
            "L26": 0.000000,
            "L33": 0.000000,
            "L25": 0.000000,
            "L34": 0.000000,
            "J1000": "2024.7.17 20:24:00"
        }
    ]
}